<?xml version="1.0" encoding="UTF-8"?>
<project-private xmlns="http://www.netbeans.org/ns/project-private/1">
    <editor-bookmarks xmlns="http://www.netbeans.org/ns/editor-bookmarks/2" lastBookmarkId="0"/>
    <open-files xmlns="http://www.netbeans.org/ns/projectui-open-files/2">
        <group>
            <file>file:/D:/Uni/Prácticas/PCD/Práctica%206/PCDPráctica6/src/Modelo/Camarero.java</file>
            <file>file:/D:/Uni/Prácticas/PCD/Práctica%206/PCDPráctica6/src/Modelo/Cortado.java</file>
            <file>file:/D:/Uni/Prácticas/PCD/Práctica%206/PCDPráctica6/src/Vista/Generador.java</file>
            <file>file:/D:/Uni/Prácticas/PCD/Práctica%206/PCDPráctica6/src/Modelo/Manchado.java</file>
            <file>file:/D:/Uni/Prácticas/PCD/Práctica%206/PCDPráctica6/src/Controlador/CavasCongreso.java</file>
        </group>
    </open-files>
</project-private>
