<?xml version="1.0" encoding="UTF-8"?>
<project-private xmlns="http://www.netbeans.org/ns/project-private/1">
    <editor-bookmarks xmlns="http://www.netbeans.org/ns/editor-bookmarks/2" lastBookmarkId="0"/>
    <open-files xmlns="http://www.netbeans.org/ns/projectui-open-files/2">
        <group>
            <file>file:/C:/Users/usuario/Desktop/Solucion_P5_2022_23/Solucion_TunelLavado_centro_slider/src/proyecto1/Furgos.java</file>
            <file>file:/C:/Users/usuario/Desktop/Solucion_P5_2022_23/Solucion_TunelLavado_centro_slider/src/proyecto1/TunelFrameAPP.java</file>
            <file>file:/C:/Users/usuario/Desktop/Solucion_P5_2022_23/Solucion_TunelLavado_centro_slider/src/proyecto1/Tunel.java</file>
        </group>
    </open-files>
</project-private>
