<?xml version="1.0" encoding="UTF-8"?>
<project-private xmlns="http://www.netbeans.org/ns/project-private/1">
    <editor-bookmarks xmlns="http://www.netbeans.org/ns/editor-bookmarks/2" lastBookmarkId="0"/>
    <open-files xmlns="http://www.netbeans.org/ns/projectui-open-files/2">
        <group>
            <file>file:/home/jmmartin/TrabajoJmmr/Proyectos_NetBeans/RMI_Calculadora_Servidor/src/CalculadoraImpl.java</file>
            <file>file:/home/jmmartin/TrabajoJmmr/Proyectos_NetBeans/RMI_Calculadora_Servidor/src/RMI_Calculadora_Servidor.java</file>
        </group>
    </open-files>
</project-private>
