<?xml version="1.0" encoding="UTF-8"?>
<project-private xmlns="http://www.netbeans.org/ns/project-private/1">
    <editor-bookmarks xmlns="http://www.netbeans.org/ns/editor-bookmarks/2" lastBookmarkId="0"/>
    <open-files xmlns="http://www.netbeans.org/ns/projectui-open-files/2">
        <group>
            <file>file:/home/pedro/Dropbox/PCD/Practicas_PCD_2019_20/Practica3_Frames/Ejemplo_Frame/src/ejemplo_frame/Recurso.java</file>
            <file>file:/home/pedro/Dropbox/PCD/Practicas_PCD_2019_20/Practica3_Frames/Ejemplo_Frame/src/ejemplo_frame/Sumador.java</file>
            <file>file:/home/pedro/Dropbox/PCD/Practicas_PCD_2019_20/Practica3_Frames/Ejemplo_Frame/src/ejemplo_frame/EjemploFrameApp.java</file>
            <file>file:/home/pedro/Dropbox/PCD/Practicas_PCD_2019_20/Practica3_Frames/Ejemplo_Frame/src/ejemplo_frame/VistaCanvas.java</file>
        </group>
    </open-files>
</project-private>
